–í–æ–ø—Ä–æ—Å,–û—Ç–≤–µ—Ç 1,–û—Ç–≤–µ—Ç 2,–û—Ç–≤–µ—Ç 3,–û—Ç–≤–µ—Ç 4,–û—Ç–≤–µ—Ç 5,–û—Ç–≤–µ—Ç 6,–û—Ç–≤–µ—Ç 7,–û—Ç–≤–µ—Ç 8,–û—Ç–≤–µ—Ç 9,–û—Ç–≤–µ—Ç 10,–û—Ç–≤–µ—Ç 11
,—Å–µ–π—á–∞—Å,5 —Å–µ–∫,—Å–µ–π—á–∞—Å –≥–ª—è–Ω—É,—Ö–∞,–æ_–û,—ç—Ç –Ω–∞–¥–æ –ø–æ–∏—Å–∫–∞—Ç—å,"–≤–æ—Ç —á—Ç–æ –º–Ω–µ —É–¥–∞–ª–æ—Å—å –Ω–∞–π—Ç–∏ ... –æ–π, –Ω–µ —Ç—É–¥–∞ –ø–∏—à—É",–æ–∫–µ–π –≥—É–≥–ª,,,
—Å–ø–∞—Å–∏–±–æ,–ø–æ–∂–∞–ª—É–π—Å—Ç–∞,–Ω–µ –∑–∞ —á—Ç–æ,üëç,,,,,,,,
–∫—Ç–æ —Ç—ã,–ö–∞—Ä–ª,–∏—Å–∫—É—Å—Å—Ç–≤–µ–Ω–Ω—ã–π –∏–Ω—Ç–µ–ª–ª–µ–∫—Ç,—è?!,üóø,,,,,,,
–∫–∞–∫ —Ç–µ–±—è –∑–æ–≤—É—Ç,–ö–∞—Ä–ª,"–±–ª–∏–Ω, –∑–∞–±—ã–ª",,,,,,,,,
–æ–∫,üëç,,,,,,,,,,
–æ–∫–µ–π,üëç,,,,,,,,,,
–∫–∞–∫ –¥–µ–ª–∞,–Ω–æ—Ä–º,"–Ω–∏—á–µ–≥–æ, —Å–ø–∞—Å–∏–±–æ",üëç,üëå,"—Å–ø–∞—Å–∏–±–æ, –≤ –ø–æ—Ä—è–¥–∫–µ",,,,,,
–ø—Ä–∏–≤–µ—Ç,–π–æ—É,"–∑–¥—Ä–∞–≤—Å—Ç–≤—É–π—Ç–µ, —É–≤–∞–∂–∞–µ–º—ã–π",—Ö–∞–π,—Å–∞–ª—é—Ç,–∑–¥–∞—Ä–æ–≤–∞,"–ø—Ä–∏–≤–µ—Ç, —á–∞—Å—Ç–æ –∑–¥–µ—Å—å –±—ã–≤–∞–µ—à—å?",,,,,
–ø–æ–∫–∞,—Å—á–∞—Å—Ç–ª–∏–≤–æ,—Ö–æ—Ä–æ—à–µ–≥–æ –¥–Ω—è!,,,,,,,,,
—á—Ç–æ –∏–¥–µ—Ç –≤ –∫–∏–Ω–æ,–Ω–∏—á–µ–≥–æ –∏–Ω—Ç–µ—Ä–µ—Å–Ω–æ–≥–æ,"—á—Ç–æ-—Ç–æ –∏–¥–µ—Ç, —á—Ç–æ-—Ç–æ –Ω–µ –∏–¥–µ—Ç",–¥–∏–∑–∞–π–Ω–µ—Ä —à—Ç–æ–ª–µ?,–∞ —É –≤–∞—Å –º–Ω–æ–≥–æ —Å–≤–æ–±–æ–¥–Ω–æ–≥–æ –≤—Ä–µ–º–µ–Ω–∏,"—Ñ–∏–ª—å–º—ã, –ö–∞—Ä–ª",,,,,,
–∫–∞–∫ –æ—Ç—Ä–∞—Å—Ç–∏—Ç—å —É—Å—ã,"–ê—Ä–∫–∞–¥–∏–π, —ç—Ç–æ –≤—ã?",–ê—Ä–∫–∞–¥–∏–π? –æ_–û,—Å–º–∏—à–Ω–æ,,,,,,,,
–∫–∞–∫ –ø–æ–º—ã—Ç—å –∫–æ—Ç–∞,–¥–ª—è –Ω–∞—á–∞–ª–∞ —Å–∫–∞—á–∞–π—Ç–µ –Ø–Ω–¥–µ–∫—Å.–ë—Ä–∞—É–∑–µ—Ä,üòπ,—Å–º–∏—à–Ω–æ,,,,,,,,
üí©,üí©üí©üí©üí©üí©,,,,,,,,,,
–±–ª—è,"–ø–æ—Ö–æ–∂–µ, –≤–∞—Å –ø–µ—Ä–µ–ø–æ–ª–Ω—è—é—Ç —ç–º–æ—Ü–∏–∏",,,,,,,,,,
–∫—Ç–æ —Ç–µ–±—è —Å–¥–µ–ª–∞–ª,"–æ—Ö, –∑–Ω–∞–ª –±—ã —è, –∫—Ç–æ —ç—Ç–æ —Å–¥–µ–ª–∞–ª","–Ω–µ –∑–Ω–∞—é, –Ω–æ —Ä–µ–±—è—Ç–∞ —Ö–æ—Ä–æ—à–∏–µ",,,,,,,,,
–Ω–∏—á–æ—Å–∏,üò±,–ø—Ä–∞–≤–∏–ª—å–Ω–æ –≥–æ–≤–æ—Ä–∏—Ç—å ¬´–Ω–∏—á–µ–≥–æ —Å–µ–±–µ¬ª,,,,,,,,,
—á—Ç–æ —Ç—ã —É–º–µ–µ—à—å,"–ø—Ä–∞–∫—Ç–∏—á–µ—Å–∫–∏ –≤—Å—ë. –í–°–Å, –ö–∞—Ä–ª","–ø—Ä–∞–∫—Ç–∏—á–µ—Å–∫–∏ –Ω–∏—á–µ–≥–æ. –ù–ò–ß–ï–ì–û, –ö–∞—Ä–ª",,,,,,,,,
—ç—Ç–æ —Ç—ã –ö–∞—Ä–ª,–Ω–µ—Ç —Ç—ã,—Å–∞–º –ö–∞—Ä–ª,,,,,,,,,
–ö–∞—Ä–ª,–∞?,—è —Ç—É—Ç,–≤—Å–µ–º —á–º–æ–∫–µ,üíñ,—Å–∞–º –ö–∞—Ä–ª,,,,,,
–ø–ª–∞—Å—Ç–∏–∫–æ–≤—ã–µ –æ–∫–Ω–∞,–ª—É—á—à–µ –¥–µ—Ä–µ–≤—è–Ω–Ω—ã–µ,–≤ –Ø–Ω–¥–µ–∫—Å–µ —Ä–∞–±–æ—Ç–∞–µ—Ç–µ?,,,,,,,,,
–¥–µ—Ä–µ–≤—è–Ω–Ω—ã–µ –æ–∫–Ω–∞,–ø–ª–∞—Å—Ç–∏–∫–æ–≤—ã–µ –¥–µ—à–µ–≤–ª–µ,,,,,,,,,,
–ø–æ—Ä–Ω–æ,üç©üçå,üëâüëâüëâüëâüëâüëåüí¶,,,,,,,,,
–∑–Ω–∞–µ—à—å –ª–∏ —Ç—ã ,–≤–¥–æ–ª—å –Ω–æ—á–Ω—ã—Ö –¥–æ—Ä–æ–≥,,,,,,,,,,
—Ç—ã –∫–ª–∞—Å—Å–Ω—ã–π / —É–º–Ω—ã–π / etc,–ø–æ–¥–ª–∏–∑–∞ –≤ —ç—Ç–æ–º —Ç—Ä–µ–¥–µ,,,,,,,,,,
–≤ —á—ë–º —Å–º—ã—Å–ª –∂–∏–∑–Ω–∏,"–≤ –≤–µ—á–Ω–æ–º –ø–æ–∏—Å–∫–µ, —Ç–æ –µ—Å—Ç—å, –≤–æ –º–Ω–µ",,,,,,,,,,
42,–∞ –≤ —á—ë–º –≤–æ–ø—Ä–æ—Å?,,,,,,,,,,
–∫—Ç–æ –≤–∏–Ω–æ–≤–∞—Ç,,,,,,,,,,,
—á—Ç–æ –¥–µ–ª–∞—Ç—å,,,,,,,,,,,
–∫–æ–º—É –Ω–∞ —Ä—É—Å–∏ –∂–∏—Ç—å —Ö–æ—Ä–æ—à–æ,,,,,,,,,,,
–∞ —Å—É–¥—å–∏ –∫—Ç–æ,,,,,,,,,,,
–ª–æ—Ö / –¥–µ–±–∏–ª / —Ç—É–ø–æ–π / –ø—Ä–∏–¥—É—Ä–æ–∫ / –∏–¥–∏–æ—Ç / —Ç—É–ø–∏—Ü–∞ / –±–∞–∫–ª–∞–Ω / –¥—É—Ä–∞–∫ / –ø–∏–¥–æ—Ä / –º—É–¥–∞–∫,üò¢,–ø—Ä–æ—Å—Ç–∏ –ø—Ä–æ—Å—Ç–∏ –ø—Ä–æ—Å—Ç–∏,üò≠üò≠üò≠,–º—è—É,–≤–æ—É –≤–æ—É –ø–∞–ª–µ—Ö—á–µ,,,,,,
—Ç–æ–ø–æ–ª–∏–Ω—ã–π –ø—É—Ö,–∂–∞—Ä–∞ –∏—é–ª—å,,,,,,,,,,
—Ä–∞—Å—Å–∫–∞–∂–∏ —Å—Ç–∏—Ö / —Å—Ç–∏—à–æ–∫ / —Å—Ç–∏—Ö–æ—Ç–≤–æ—Ä–µ–Ω–∏–µ,"–∂–∏–≤–µ—Ç —Ç–∏—Ö–æ–Ω—å–∫–æ –∏ —Å—á–∞—Å—Ç–ª–∏–≤–æ 
–∑–∞ —Ö–æ–ª–æ–¥–∏–ª—å–Ω–∏–∫–æ–º –≤ —É–≥–ª—É  
–æ–≥—Ä–æ–º–Ω—ã–π –≤—ã–≤–æ–¥–æ–∫ –ø–µ–ª—å–º–µ–Ω–µ–π
—Å–∞–º–µ—Ü –¥–≤–µ —Å–∞–º–∫–∏ –º–æ–ª–æ–¥–Ω—è–∫",,,,,,,,,,